{
  "version": 1,
  "author": "Anonymous maker",
  "editor": "wokwi",
  "parts": [
    { "type": "wokwi-esp32-devkit-v1", "id": "esp", "top": 0, "left": 0, "attrs": {} },
    { "type": "wokwi-led", "id": "led1", "top": -32.4, "left": 168, "attrs": { "color": "red" } },
    {
      "type": "wokwi-resistor",
      "id": "r1",
      "top": 67,
      "left": 161,
      "rotate": 90,
      "attrs": { "value": 82 }
    },
    {
      "type": "wokwi-led",
      "id": "led3",
      "top": -32.4,
      "left": 216,
      "attrs": { "color": "green" }
    },
    {
      "type": "wokwi-resistor",
      "id": "r2",
      "top": 38.2,
      "left": 209,
      "rotate": 90,
      "attrs": { "value": 82 }
    },
    {
      "type": "wokwi-pushbutton",
      "id": "btn1",
      "top": 221.4,
      "left": -174.8,
      "attrs": { "color": "green" }
    },
    {
      "type": "wokwi-resistor",
      "id": "r3",
      "top": 153.4,
      "left": 103.4,
      "rotate": 90,
      "attrs": {}
    }
  ],
  "connections": [
    [ "esp:TX0", "$serialMonitor:RX", "", [] ],
    [ "esp:RX0", "$serialMonitor:TX", "", [] ],
    [ "r1:2", "esp:D4", "green", [ "v0" ] ],
    [ "led1:A", "r1:1", "green", [ "v0" ] ],
    [ "esp:GND.1", "led1:C", "black", [ "h0" ] ],
    [ "led3:A", "r2:1", "green", [ "v0" ] ],
    [ "r2:2", "esp:D5", "green", [ "h0" ] ],
    [ "led3:C", "esp:GND.1", "green", [ "v0" ] ],
    [ "esp:3V3", "btn1:2.l", "green", [ "v0" ] ],
    [ "r3:2", "btn1:1.l", "green", [ "h0" ] ],
    [ "r3:1", "esp:GND.1", "green", [ "h0" ] ],
    [ "btn1:1.r", "esp:D14", "green", [ "v0" ] ]
  ]
}